[
    { "concept_id": "ifrs-full_PercentageOfReasonablyPossibleIncreaseInUnobservableInputAssets", "id":  "1"},
    { "concept_id": "ifrs-full_PercentageOfReasonablyPossibleDecreaseInUnobservableInputAssets", "id":  "3"},
    { "concept_id": "ifrs-full_PercentageOfReasonablyPossibleIncreaseInUnobservableInputLiabilities", "id":  "4"},
    { "concept_id": "ifrs-full_PercentageOfReasonablyPossibleDecreaseInUnobservableInputLiabilities", "id":  "5"},
    { "concept_id": "ifrs-full_PercentageOfReasonablyPossibleIncreaseInUnobservableInputEntitysOwnEquityInstruments", "id":  "6"},
    { "concept_id": "ifrs-full_PercentageOfReasonablyPossibleDecreaseInUnobservableInputEntitysOwnEquityInstruments", "id":  "7"},
    { "concept_id": "ifrs-full_GainsLossesOnFairValueAdjustmentAttributableToPhysicalChangesBiologicalAssets", "id":  "8"},
    { "concept_id": "ifrs-full_GainsLossesOnFairValueAdjustmentAttributableToPriceChangesBiologicalAssets", "id":  "9"},
    { "concept_id": "ifrs-full_GainsLossesOnFairValueAdjustmentBiologicalAssets", "id":  "10"},
    { "concept_id": "ifrs-full_GainsLossesOnFairValueAdjustmentInvestmentProperty", "id":  "11"},
    { "concept_id": "ifrs-full_GainsLossesRecognisedInOtherComprehensiveIncomeFairValueMeasurementAssets", "id":  "12"},
    { "concept_id": "ifrs-full_GainsLossesRecognisedInOtherComprehensiveIncomeFairValueMeasurementEntitysOwnEquityInstruments", "id":  "13"},
    { "concept_id": "ifrs-full_GainsLossesRecognisedInOtherComprehensiveIncomeFairValueMeasurementLiabilities", "id":  "14"},
    { "concept_id": "ifrs-full_GainsLossesRecognisedInProfitOrLossFairValueMeasurementAssets", "id":  "15"},
    { "concept_id": "ifrs-full_GainsLossesRecognisedInProfitOrLossFairValueMeasurementEntitysOwnEquityInstruments", "id":  "16"},
    { "concept_id": "ifrs-full_GainsLossesRecognisedInProfitOrLossFairValueMeasurementLiabilities", "id":  "17"},
    { "concept_id": "ifrs-full_GainsLossesRecognisedInProfitOrLossExcludingExchangeDifferencesFairValueMeasurementAssets", "id":  "18"},
    { "concept_id": "ifrs-full_GainsLossesRecognisedInProfitOrLossOnExchangeDifferencesFairValueMeasurementAssets", "id":  "19"},
    { "concept_id": "ifrs-full_GainsLossesRecognisedInOtherComprehensiveIncomeExcludingExchangeDifferencesFairValueMeasurementAssets", "id":  "20"},
    { "concept_id": "ifrs-full_GainsLossesRecognisedInOtherComprehensiveIncomeOnExchangeDifferencesFairValueMeasurementAssets", "id":  "21"},
    { "concept_id": "ifrs-full_GainsLossesRecognisedInProfitOrLossExcludingExchangeDifferencesFairValueMeasurementLiabilities", "id":  "22"},
    { "concept_id": "ifrs-full_GainsLossesRecognisedInProfitOrLossOnExchangeDifferencesFairValueMeasurementLiabilities", "id":  "23"},
    { "concept_id": "ifrs-full_GainsLossesRecognisedInOtherComprehensiveIncomeExcludingExchangeDifferencesFairValueMeasurementLiabilities", "id":  "24"},
    { "concept_id": "ifrs-full_GainsLossesRecognisedInOtherComprehensiveIncomeOnExchangeDifferencesFairValueMeasurementLiabilities", "id":  "25"},
    { "concept_id": "ifrs-full_GainsLossesRecognisedInProfitOrLossExcludingExchangeDifferencesFairValueMeasurementEntitysOwnEquityInstruments", "id":  "26"},
    { "concept_id": "ifrs-full_GainsLossesRecognisedInProfitOrLossOnExchangeDifferencesFairValueMeasurementEntitysOwnEquityInstruments", "id":  "27"},
    { "concept_id": "ifrs-full_GainsLossesRecognisedInOtherComprehensiveIncomeExcludingExchangeDifferencesFairValueMeasurementEntitysOwnEquityInstruments", "id":  "28"},
    { "concept_id": "ifrs-full_GainsLossesRecognisedInOtherComprehensiveIncomeOnExchangeDifferencesFairValueMeasurementEntitysOwnEquityInstruments", "id":  "29"},
    { "concept_id": "ifrs-full_DeferredTaxExpenseIncomeRecognisedInProfitOrLoss", "id":  "30"},
    { "concept_id": "ifrs-full_DeferredTaxRelatingToItemsChargedOrCreditedDirectlyToEquity", "id":  "31"},
    { "concept_id": "ifrs-full_WritedownsReversalsOfPropertyPlantAndEquipment", "id":  "32"},
    { "concept_id": "ifrs-full_IncreaseDecreaseInCreditDerivativeNominalAmount", "id":  "33"},
    { "concept_id": "ifrs-full_CashFlowsFromUsedInOperatingActivities", "id":  "34"},
    { "concept_id": "ifrs-full_CashFlowsFromUsedInOperations", "id":  "35"},
    { "concept_id": "ifrs-full_CashFlowsFromUsedInOperationsBeforeChangesInWorkingCapital", "id":  "36"},
    { "concept_id": "ifrs-full_AmortisationIntangibleAssetsOtherThanGoodwill", "id":  "37"},
    { "concept_id": "ifrs-full_DepreciationBiologicalAssets", "id":  "38"},
    { "concept_id": "ifrs-full_DepreciationInvestmentProperty", "id":  "39"},
    { "concept_id": "ifrs-full_DepreciationPropertyPlantAndEquipment", "id":  "40"},
    { "concept_id": "ifrs-full_DepreciationRightofuseAssets", "id":  "41"},
    { "concept_id": "ifrs-full_ImpairmentLossRecognisedInOtherComprehensiveIncomeIntangibleAssetsOtherThanGoodwill", "id":  "42"},
    { "concept_id": "ifrs-full_ImpairmentLossRecognisedInOtherComprehensiveIncomePropertyPlantAndEquipment", "id":  "43"},
    { "concept_id": "ifrs-full_ImpairmentLossRecognisedInProfitOrLossBiologicalAssets", "id":  "44"},
    { "concept_id": "ifrs-full_ImpairmentLossRecognisedInProfitOrLossGoodwill", "id":  "45"},
    { "concept_id": "ifrs-full_ImpairmentLossRecognisedInProfitOrLossIntangibleAssetsAndGoodwill", "id":  "46"},
    { "concept_id": "ifrs-full_ImpairmentLossRecognisedInProfitOrLossIntangibleAssetsOtherThanGoodwill", "id":  "47"},
    { "concept_id": "ifrs-full_ImpairmentLossRecognisedInProfitOrLossInvestmentProperty", "id":  "48"},
    { "concept_id": "ifrs-full_ImpairmentLossRecognisedInProfitOrLossLoansAndAdvances", "id":  "49"},
    { "concept_id": "ifrs-full_ImpairmentLossRecognisedInProfitOrLossPropertyPlantAndEquipment", "id":  "50"},
    { "concept_id": "ifrs-full_ReversalOfImpairmentLossRecognisedInOtherComprehensiveIncomeIntangibleAssetsOtherThanGoodwill", "id":  "51"},
    { "concept_id": "ifrs-full_ReversalOfImpairmentLossRecognisedInOtherComprehensiveIncomePropertyPlantAndEquipment", "id":  "52"},
    { "concept_id": "ifrs-full_ReversalOfImpairmentLossRecognisedInProfitOrLossBiologicalAssets", "id":  "53"},
    { "concept_id": "ifrs-full_ReversalOfImpairmentLossRecognisedInProfitOrLossIntangibleAssetsOtherThanGoodwill", "id":  "54"},
    { "concept_id": "ifrs-full_InventoryWritedown2011", "id":  "55"},
    { "concept_id": "ifrs-full_ReversalOfInventoryWritedown", "id":  "56"},
    { "concept_id": "ifrs-full_AdditionalAllowanceRecognisedInProfitOrLossAllowanceAccountForCreditLossesOfFinancialAssets", "id":  "57"},
    { "concept_id": "ifrs-full_ReversalAllowanceAccountForCreditLossesOfFinancialAssets", "id":  "58"},
    { "concept_id": "ifrs-full_ReversalOfImpairmentLossRecognisedInProfitOrLossInvestmentProperty", "id":  "59"},
    { "concept_id": "ifrs-full_ReversalOfImpairmentLossRecognisedInProfitOrLossLoansAndAdvances", "id":  "60"},
    { "concept_id": "ifrs-full_ReversalOfImpairmentLossRecognisedInProfitOrLossPropertyPlantAndEquipment", "id":  "61"},
    { "concept_id": "ifrs-full_LeasesAsLessorRelatedPartyTransactions", "id":  "62"},
    { "concept_id": "ifrs-full_LeasesAsLesseeRelatedPartyTransactions", "id":  "63"},
    { "concept_id": "ifrs-full_TransfersOfResearchAndDevelopmentFromEntityRelatedPartyTransactions", "id":  "64"},
    { "concept_id": "ifrs-full_TransfersOfResearchAndDevelopmentToEntityRelatedPartyTransactions", "id":  "65"},
    { "concept_id": "ifrs-full_TransfersUnderLicenseAgreementsFromEntityRelatedPartyTransactions", "id":  "66"},
    { "concept_id": "ifrs-full_TransfersUnderLicenseAgreementsToEntityRelatedPartyTransactions", "id":  "67"},
    { "concept_id": "ifrs-full_TransfersUnderFinanceAgreementsFromEntityRelatedPartyTransactions", "id":  "68"},
    { "concept_id": "ifrs-full_TransfersUnderFinanceAgreementsToEntityRelatedPartyTransactions", "id":  "69"},
    { "concept_id": "ifrs-full_ProvisionOfGuaranteesOrCollateralByEntityRelatedPartyTransactions", "id":  "70"},
    { "concept_id": "ifrs-full_ProvisionOfGuaranteesOrCollateralToEntityRelatedPartyTransactions", "id":  "71"},
    { "concept_id": "ifrs-full_CommitmentsMadeByEntityRelatedPartyTransactions", "id":  "72"},
    { "concept_id": "ifrs-full_CommitmentsMadeOnBehalfOfEntityRelatedPartyTransactions", "id":  "73"},
    { "concept_id": "ifrs-full_SettlementOfLiabilitiesByEntityOnBehalfOfRelatedPartyRelatedPartyTransactions", "id":  "74"},
    { "concept_id": "ifrs-full_SettlementOfLiabilitiesOnBehalfOfEntityByRelatedPartyRelatedPartyTransactions", "id":  "75"},
    { "concept_id": "ifrs-full_ReclassificationOfFinancialAssetsOutOfMeasuredAtAmortisedCostIntoMeasuredAtFairValue", "id":  "76"},
    { "concept_id": "ifrs-full_ReclassificationOfFinancialAssetsOutOfMeasuredAtAmortisedCostIntoMeasuredAtFairValueThroughOtherComprehensiveIncome", "id":  "77"},
    { "concept_id": "ifrs-full_ReclassificationOfFinancialAssetsOutOfMeasuredAtFairValueIntoMeasuredAtAmortisedCost", "id":  "78"},
    { "concept_id": "ifrs-full_ReclassificationOfFinancialAssetsOutOfMeasuredAtFairValueThroughOtherComprehensiveIncomeIntoMeasuredAtAmortisedCost", "id":  "79"},
    { "concept_id": "ifrs-full_ReclassificationOfFinancialAssetsOutOfMeasuredAtFairValueThroughOtherComprehensiveIncomeIntoMeasuredAtFairValueThroughProfitOrLoss", "id":  "80"},
    { "concept_id": "ifrs-full_ReclassificationOfFinancialAssetsOutOfMeasuredAtFairValueThroughProfitOrLossIntoMeasuredAtFairValueThroughOtherComprehensiveIncome", "id":  "81"},
    { "concept_id": "ifrs-full_TransfersOutOfLevel1IntoLevel2OfFairValueHierarchyAssets", "id":  "82"},
    { "concept_id": "ifrs-full_TransfersOutOfLevel1IntoLevel2OfFairValueHierarchyEntitysOwnEquityInstruments", "id":  "83"},
    { "concept_id": "ifrs-full_TransfersOutOfLevel1IntoLevel2OfFairValueHierarchyLiabilities", "id":  "84"},
    { "concept_id": "ifrs-full_TransfersOutOfLevel2IntoLevel1OfFairValueHierarchyAssets", "id":  "85"},
    { "concept_id": "ifrs-full_TransfersOutOfLevel2IntoLevel1OfFairValueHierarchyEntitysOwnEquityInstruments", "id":  "86"},
    { "concept_id": "ifrs-full_TransfersOutOfLevel2IntoLevel1OfFairValueHierarchyLiabilities", "id":  "87"},
    { "concept_id": "ifrs-full_EquityReclassifiedIntoFinancialLiabilities", "id":  "88"},
    { "concept_id": "ifrs-full_FinancialLiabilitiesReclassifiedIntoEquity", "id":  "89"},
    { "concept_id": "ifrs-full_AmountByWhichLoansOrReceivablesRelatedCreditDerivativesOrSimilarInstrumentsMitigateMaximumExposureToCreditRisk", "id":  "90"},
    { "concept_id": "ifrs-full_CreditExposure", "id":  "91"},
    { "concept_id": "ifrs-full_MaximumExposureToCreditRisk", "id":  "92"},
    { "concept_id": "ifrs-full_MaximumExposureToCreditRiskFinancialInstrumentsToWhichImpairmentRequirementsInIFRS9AreNotApplied", "id":  "93"},
    { "concept_id": "ifrs-full_MaximumExposureToCreditRiskOfFinancialAssets", "id":  "94"},
    { "concept_id": "ifrs-full_MaximumExposureToCreditRiskOfLoansOrReceivables", "id":  "95"},
    { "concept_id": "ifrs-full_MaximumExposureToLossFromContinuingInvolvement", "id":  "96"},
    { "concept_id": "ifrs-full_MaximumExposureToLossFromInterestsInStructuredEntities", "id":  "97"},
    { "concept_id": "ifrs-full_NominalOrPrincipalAmountOfFinancialInstrumentOnDiscontinuationOfMeasurementAtFairValueThroughProfitOrLossBecauseCreditDerivativeIsUsedToManageCreditRisk", "id":  "98"},
    { "concept_id": "ifrs-full_RatedCreditExposures", "id":  "99"},
    { "concept_id": "ifrs-full_UnratedCreditExposures", "id":  "100"},
    { "concept_id": "ifrs-full_ValueAtRisk", "id":  "101"},
    { "concept_id": "ifrs-full_RiskExposureAssociatedWithInstrumentsSharingCharacteristic", "id":  "102"},
    { "concept_id": "ifrs-full_AmountByWhichFinancialAssetsRelatedCreditDerivativesOrSimilarInstrumentsMitigateMaximumExposureToCreditRisk", "id":  "103"},
    { "concept_id": "ifrs-full_BorrowingCostsCapitalised", "id":  "104"},
    { "concept_id": "ifrs-full_BorrowingCostsIncurred", "id":  "105"},
    { "concept_id": "ifrs-full_InterestCostsCapitalised", "id":  "106"},
    { "concept_id": "ifrs-full_InterestCostsIncurred", "id":  "107"},
    { "concept_id": "ifrs-full_CumulativePreferenceDividendsNotRecognised", "id":  "108"},
    { "concept_id": "ifrs-full_DeductibleTemporaryDifferencesForWhichNoDeferredTaxAssetIsRecognised", "id":  "109"},
    { "concept_id": "ifrs-full_DividendsProposedOrDeclaredBeforeFinancialStatementsAuthorisedForIssueButNotRecognisedAsDistributionToOwners", "id":  "110"},
    { "concept_id": "ifrs-full_ExpectedDividendShareOptionsGranted", "id":  "111"},
    { "concept_id": "ifrs-full_IncrementalFairValueGrantedModifiedSharebasedPaymentArrangements", "id":  "112"},
    { "concept_id": "ifrs-full_NotionalAmount", "id":  "113"},
    { "concept_id": "ifrs-full_ParticipationInDefinedBenefitPlanThatSharesRisksBetweenGroupEntitiesRelatedPartyTransactions", "id":  "114"},
    { "concept_id": "ifrs-full_RestrictionsOnRealisabilityOfInvestmentPropertyOrRemittanceOfIncomeAndProceedsOfDisposalOfInvestmentProperty", "id":  "115"},
    { "concept_id": "ifrs-full_SupportProvidedToStructuredEntityWithoutHavingContractualObligationToDoSo", "id":  "116"},
    { "concept_id": "ifrs-full_SupportProvidedToSubsidiaryWithoutHavingContractualObligationToDoSo", "id":  "117"},
    { "concept_id": "ifrs-full_TemporaryDifferencesAssociatedWithInvestmentsInSubsidiariesBranchesAndAssociatesAndInterestsInJointVentures", "id":  "118"},
    { "concept_id": "ifrs-full_UnusedTaxCreditsForWhichNoDeferredTaxAssetRecognised", "id":  "119"},
    { "concept_id": "ifrs-full_UnusedTaxLossesForWhichNoDeferredTaxAssetRecognised", "id":  "120"},
    { "concept_id": "ifrs-full_CreditDerivativeNominalAmount", "id":  "121"},
    { "concept_id": "ifrs-full_ExposureToRiskThatArisesFromContractsWithinScopeOfIFRS17", "id":  "122"},
    { "concept_id": "ifrs-full_MaximumExposureToCreditRiskThatArisesFromContractsWithinScopeOfIFRS17", "id":  "123"},
    { "concept_id": "ifrs-full_AccountingProfit", "id":  "124"},
    { "concept_id": "ifrs-full_AccumulatedChangesInFairValueOfFinancialLiabilityAttributableToChangesInCreditRiskOfLiability", "id":  "125"},
    { "concept_id": "ifrs-full_AccumulatedChangesInFairValueOfLoanOrReceivableAttributableToChangesInCreditRiskOfFinancialAssets", "id":  "126"},
    { "concept_id": "ifrs-full_AcquisitionsThroughBusinessCombinationsBiologicalAssets", "id":  "127"},
    { "concept_id": "ifrs-full_AcquisitionsThroughBusinessCombinationsIntangibleAssetsOtherThanGoodwill", "id":  "128"},
    { "concept_id": "ifrs-full_AcquisitionsThroughBusinessCombinationsInvestmentProperty", "id":  "129"},
    { "concept_id": "ifrs-full_AcquisitionsThroughBusinessCombinationsOtherProvisions", "id":  "130"},
    { "concept_id": "ifrs-full_AcquisitionsThroughBusinessCombinationsPropertyPlantAndEquipment", "id":  "131"},
    { "concept_id": "ifrs-full_ActuarialAssumptionOfDiscountRates", "id":  "132"},
    { "concept_id": "ifrs-full_ActuarialAssumptionOfExpectedRatesOfSalaryIncreases", "id":  "133"},
    { "concept_id": "ifrs-full_ActuarialAssumptionOfMedicalCostTrendRates", "id":  "134"},
    { "concept_id": "ifrs-full_AdditionalInformationAboutEntityExposureToRisk", "id":  "135"},
    { "concept_id": "ifrs-full_AdditionalInformationAbstract", "id":  "136"},
    { "concept_id": "ifrs-full_AdditionalProvisionsOtherProvisions", "id":  "137"},
    { "concept_id": "ifrs-full_AdditionalRecognitionGoodwill", "id":  "138"},
    { "concept_id": "ifrs-full_AdditionsFromAcquisitionsInvestmentProperty", "id":  "139"},
    { "concept_id": "ifrs-full_AdditionsFromSubsequentExpenditureRecognisedAsAssetInvestmentProperty", "id":  "140"},
    { "concept_id": "ifrs-full_AdditionsInvestmentPropertyAbstract", "id":  "141"},
    { "concept_id": "ifrs-full_AdditionsOtherThanThroughBusinessCombinationsBiologicalAssets", "id":  "142"},
    { "concept_id": "ifrs-full_AdditionsOtherThanThroughBusinessCombinationsIntangibleAssetsOtherThanGoodwill", "id":  "143"},
    { "concept_id": "ifrs-full_AdditionsOtherThanThroughBusinessCombinationsInvestmentProperty", "id":  "144"},
    { "concept_id": "ifrs-full_AdditionsOtherThanThroughBusinessCombinationsPropertyPlantAndEquipment", "id":  "145"},
    { "concept_id": "ifrs-full_AddressOfRegisteredOfficeOfEntity", "id":  "146"},
    { "concept_id": "ifrs-full_AdjustmentsForAmountsTransferredToInitialCarryingAmountOfHedgedItems", "id":  "147"},
    { "concept_id": "ifrs-full_AdjustmentsForDecreaseIncreaseInInventories", "id":  "148"},
    { "concept_id": "ifrs-full_AdjustmentsForDecreaseIncreaseInOtherOperatingReceivables", "id":  "149"},
    { "concept_id": "ifrs-full_AdjustmentsForDecreaseIncreaseInTradeAccountReceivable", "id":  "150"},
    { "concept_id": "ifrs-full_AdjustmentsForIncreaseDecreaseInOtherOperatingPayables", "id":  "151"},
    { "concept_id": "ifrs-full_AdjustmentsForIncreaseDecreaseInTradeAccountPayable", "id":  "152"},
    { "concept_id": "ifrs-full_AdjustmentsForLossesGainsOnDisposalOfNoncurrentAssets", "id":  "153"},
    { "concept_id": "ifrs-full_AdjustmentsForProvisions", "id":  "154"},
    { "concept_id": "ifrs-full_AdjustmentsForReconcileProfitLoss", "id":  "155"},
    { "concept_id": "ifrs-full_AdjustmentsForReconcileProfitLossAbstract", "id":  "156"},
    { "concept_id": "ifrs-full_AdjustmentsForUndistributedProfitsOfAssociates", "id":  "157"},
    { "concept_id": "ifrs-full_AdjustmentsForUnrealisedForeignExchangeLossesGains", "id":  "158"},
    { "concept_id": "ifrs-full_AdministrativeExpense", "id":  "159"},
    { "concept_id": "ifrs-full_CurrentAndDeferredTaxRelatingToItemsChargedOrCreditedDirectlyToEquity", "id":  "160"},
    { "concept_id": "ifrs-full_CurrentAndDeferredTaxRelatingToItemsChargedOrCreditedDirectlyToEquityAbstract", "id":  "161"},
    { "concept_id": "ifrs-full_CurrentTaxRelatingToItemsChargedOrCreditedDirectlyToEquity", "id":  "162"},
    { "concept_id": "ifrs-full_AllowanceAccountForCreditLossesOfFinancialAssets", "id":  "163"},
    { "concept_id": "ifrs-full_AmortisationMethodIntangibleAssetsOtherThanGoodwill", "id":  "164"},
    { "concept_id": "ifrs-full_AnalysisOfAgeOfFinancialAssetsThatArePastDueButNotImpaired", "id":  "165"},
    { "concept_id": "ifrs-full_AnalysisOfFinancialAssetsThatAreIndividuallyDeterminedToBeImpaired", "id":  "166"},
    { "concept_id": "ifrs-full_AnalysisOfIncomeAndExpenseAbstract", "id":  "167"},
    { "concept_id": "ifrs-full_ApplicableTaxRate", "id":  "168"},
    { "concept_id": "ifrs-full_Assets", "id":  "169"},
    { "concept_id": "ifrs-full_AssetsAbstract", "id":  "170"},
    { "concept_id": "ifrs-full_AvailableforsaleFinancialAssetsAbstract", "id":  "171"},
    { "concept_id": "ifrs-full_AverageEffectiveTaxRate", "id":  "172"},
    { "concept_id": "ifrs-full_BalancesWithBanks", "id":  "173"},
    { "concept_id": "ifrs-full_BankingArrangementsClassifiedAsCashEquivalents", "id":  "174"},
    { "concept_id": "ifrs-full_BankOverdraftsClassifiedAsCashEquivalents", "id":  "175"},
    { "concept_id": "ifrs-full_BasicEarningsLossPerShare", "id":  "176"},
    { "concept_id": "ifrs-full_BasicEarningsLossPerShareFromContinuingOperations", "id":  "177"},
    { "concept_id": "ifrs-full_BasicEarningsLossPerShareFromDiscontinuedOperations", "id":  "178"},
    { "concept_id": "ifrs-full_BasicEarningsPerShareAbstract", "id":  "179"},
    { "concept_id": "ifrs-full_BasisForAttributingRevenuesFromExternalCustomersToIndividualCountries", "id":  "180"},
    { "concept_id": "ifrs-full_BiologicalAssets", "id":  "181"},
    { "concept_id": "ifrs-full_BiologicalAssetsMember", "id":  "182"},
    { "concept_id": "ifrs-full_BrandNames", "id":  "183"},
    { "concept_id": "ifrs-full_BrandNamesMember", "id":  "184"},
    { "concept_id": "ifrs-full_CapitalisationRateOfBorrowingCostsEligibleForCapitalisation", "id":  "185"},
    { "concept_id": "ifrs-full_CashAdvancesAndLoansMadeToOtherPartiesClassifiedAsInvestingActivities", "id":  "186"},
    { "concept_id": "ifrs-full_CashAndCashEquivalents", "id":  "187"},
    { "concept_id": "ifrs-full_CashAndCashEquivalentsAbstract", "id":  "188"},
    { "concept_id": "ifrs-full_CashFlowHedgesAbstract", "id":  "189"},
    { "concept_id": "ifrs-full_CashFlowsFromContinuingAndDiscontinuedOperationsAbstract", "id":  "190"},
    { "concept_id": "ifrs-full_CashFlowsFromLosingControlOfSubsidiariesOrOtherBusinessesClassifiedAsInvestingActivities", "id":  "191"},
    { "concept_id": "ifrs-full_CashFlowsUsedInObtainingControlOfSubsidiariesOrOtherBusinessesClassifiedAsInvestingActivities", "id":  "192"},
    { "concept_id": "ifrs-full_CashFlowsFromUsedInFinancingActivities", "id":  "193"},
    { "concept_id": "ifrs-full_CashFlowsFromUsedInFinancingActivitiesAbstract", "id":  "194"},
    { "concept_id": "ifrs-full_CashFlowsFromUsedInFinancingActivitiesContinuingOperations", "id":  "195"},
    { "concept_id": "ifrs-full_CashFlowsFromUsedInFinancingActivitiesDiscontinuedOperations", "id":  "196"},
    { "concept_id": "ifrs-full_CashFlowsFromUsedInInvestingActivities", "id":  "197"},
    { "concept_id": "ifrs-full_CashFlowsFromUsedInInvestingActivitiesAbstract", "id":  "198"},
    { "concept_id": "ifrs-full_CashFlowsFromUsedInInvestingActivitiesContinuingOperations", "id":  "199"},
    { "concept_id": "ifrs-full_CashFlowsFromUsedInInvestingActivitiesDiscontinuedOperations", "id":  "200"},
    { "concept_id": "ifrs-full_CashFlowsFromUsedInOperatingActivitiesAbstract", "id":  "201"},
    { "concept_id": "ifrs-full_CashFlowsFromUsedInOperatingActivitiesContinuingOperations", "id":  "202"},
    { "concept_id": "ifrs-full_CashFlowsFromUsedInOperatingActivitiesDiscontinuedOperations", "id":  "203"},
    { "concept_id": "ifrs-full_CashOnHand", "id":  "204"},
    { "concept_id": "ifrs-full_CashReceiptsFromRepaymentOfAdvancesAndLoansMadeToOtherPartiesClassifiedAsInvestingActivities", "id":  "205"},
    { "concept_id": "ifrs-full_ChangeInAmountRecognisedForPreacquisitionDeferredTaxAsset", "id":  "206"},
    { "concept_id": "ifrs-full_ChangesInBiologicalAssets", "id":  "207"},
    { "concept_id": "ifrs-full_ChangesInBiologicalAssetsAbstract", "id":  "208"},
    { "concept_id": "ifrs-full_ChangesInEquity", "id":  "209"},
    { "concept_id": "ifrs-full_ChangesInEquityAbstract", "id":  "210"}
]